model,MAE,RMSE,MAPE
"ARIMA(3, 1, 3)",5837.345038598098,6654.216152105831,19.991757246680333
