model,MAE,RMSE,MAPE
LSTM (PyTorch),1484.1748240427926,1951.6992211236486,4.754863904355514
