model,MAE,RMSE,MAPE
Prophet (Tuned),2461.389077876834,3328.2497175114822,7.412590428320917
